1478212587181,138.1951730708161
1478212590707,152.99396633852015
1478212591738,152.99396633852015
1478212592762,152.99396633852015
1478212594736,152.99396633852015
1478212597804,152.99396633852015
1478212608784,152.99396633852015
1478212621022,152.99396633852015
1478212633198,152.99396633852015
1478212634620,152.99396633852015
1478212634654,152.99396633852015
1478212636304,152.99396633852015
1478212637335,152.99396633852015
1478212638345,152.99396633852015
1478212639307,152.99396633852015
1478212640325,152.99396633852015
1478212641238,152.99396633852015
1478212642264,152.99396633852015
1478212643343,152.99396633852015
1478212644800,152.99396633852015
1478212648326,152.99396633852015
1478212650420,152.99396633852015
1478212652456,152.99396633852015
1478212668844,152.99396633852015
1478212670277,152.99396633852015
1478212671000,152.99396633852015
1478212671950,152.99396633852015
1478212672972,152.99396633852015
1478212673999,152.99396633852015
1478212675025,152.99396633852015
1478212675983,152.99396633852015
1478212678918,152.99396633852015
1478212683149,152.99396633852015
1478212683193,152.99396633852015
1478212683966,152.99396633852015
1478212685099,152.99396633852015
1478212687085,152.99396633852015
1478212700928,152.99396633852015
1478212711463,152.99396633852015
1478212717692,152.99396633852015
1478212717744,152.99396633852015
1478212718118,152.99396633852015
1478212718179,152.99396633852015
1478212719062,152.99396633852015
1478212719103,152.99396633852015
1478212719147,152.99396633852015
1478212719203,152.99396633852015
1478212719243,152.99396633852015
1478212719279,152.99396633852015
1478212719318,152.99396633852015
1478212723040,152.99396633852015
1478212725280,152.99396633852015
1478212725338,152.99396633852015
1478212786813,152.99396633852015
1478212788270,152.99396633852015
1478212788362,152.99396633852015
1478212789489,152.99396633852015
1478212790510,152.99396633852015
1478212794602,152.99396633852015
1478212795458,152.99396633852015
1478212796456,152.99396633852015
1478212797520,152.99396633852015
1478212815934,152.99396633852015
1478212821807,152.99396633852015
1478212821843,152.99396633852015
1478212838044,152.99396633852015
1478212858632,152.99396633852015
1478212866449,152.99396633852015
1478212866693,152.99396633852015
1478212866741,152.99396633852015
1478212867369,152.99396633852015
1478212867411,152.99396633852015
1478212867454,152.99396633852015
1478212867666,152.99396633852015
1478212868392,152.99396633852015
1478212869240,152.99396633852015
1478212873376,152.99396633852015
1478212875421,152.99396633852015
1478212876443,152.99396633852015
1478212877456,152.99396633852015
1478212897415,152.99396633852015
1478212898861,152.99396633852015
1478212899308,152.99396633852015
1478212900448,152.99396633852015
1478212901454,152.99396633852015
1478212902421,152.99396633852015
1478212903439,152.99396633852015
1478212904463,152.99396633852015
1478212905480,152.99396633852015
1478212908473,152.99396633852015
1478213112886,148
1478213161076,152.99396633852015
1478213164212,152.99396633852015
1478213164824,152.99396633852015
1478213166077,152.99396633852015
1478213167326,152.99396633852015
1478213167942,152.99396633852015
1478213169066,152.99396633852015
1478213169813,152.99396633852015
1478213172306,152.99396633852015
1478213296658,152.99396633852015
1478213341297,152.99396633852015
1478213372744,152.99396633852015
1478213376101,152.99396633852015
1478213376145,152.99396633852015
1478213376366,152.99396633852015
1478213380836,152.99396633852015
1478213381456,152.99396633852015
1478213382702,152.99396633852015
1478213383829,152.99396633852015
1478213386929,152.99396633852015
1478213386989,152.99396633852015
1478213432712,152.99396633852015
1478213441255,152.99396633852015
1478213441308,152.99396633852015
1478213441362,152.99396633852015
1478213441500,152.99396633852015
1478213441555,152.99396633852015
1478213441613,152.99396633852015
1478213442188,152.99396633852015
1478213443208,152.99396633852015
1478213451740,152.99396633852015
1478213451935,152.99396633852015
1478213504869,152.99396633852015
1478213508322,152.99396633852015
1478213508362,152.99396633852015
1478213508777,152.99396633852015
1478213510940,152.99396633852015
1478213511901,152.99396633852015
1478213514951,152.99396633852015
1478213553124,152.99396633852015
1478213613749,152.99396633852015
1478213673171,152.99396633852015
1478213681590,152.99396633852015
1478213681784,152.99396633852015
1478213681810,152.99396633852015
1478213681842,152.99396633852015
1478213681877,152.99396633852015
1478213682738,152.99396633852015
1478213682803,152.99396633852015
1478213682859,152.99396633852015
1478213685246,152.99396633852015
1478213986455,152.99396633852015
1478214022022,152.99396633852015
1478214029750,152.99396633852015
1478214029784,152.99396633852015
1478214030094,152.99396633852015
1478214030126,152.99396633852015
1478214030172,152.99396633852015
1478214030226,152.99396633852015
1478214032018,152.99396633852015
1478214032046,152.99396633852015
1478214283231,152.99396633852015
1478214410428,152.99396633852015
1478214740796,152.99396633852015
1478215076623,152.99396633852015
1478215085953,152.99396633852015
1478215086002,152.99396633852015
1478215086039,152.99396633852015
1478215086080,152.99396633852015
1478215086132,152.99396633852015
1478215086169,152.99396633852015
1478215086204,152.99396633852015
1478215088355,152.99396633852015
1478215090784,152.99396633852015
1478215090832,152.99396633852015
1478215091361,152.99396633852012
1478215091982,152.99396633852012
1478215093338,152.99396633852015
1478215094585,152.99396633852015
1478215095200,152.99396633852015
1478215096443,152.99396633852015
1478215097061,152.99396633852012
1478215098323,152.99396633852012
1478215466210,79
1478215474931,79
1478215474981,79
1478215475034,79
1478215477410,79
1478215484441,79
1478215484514,79
1478215557561,152.99396633852015
1478215562219,152.99396633852015
1478215562245,152.99396633852015
1478215562267,152.99396633852015
1478215562298,152.99396633852015
1478215562347,152.99396633852015
1478218686196,79
1478218692022,79
1478218692051,79
1478218692082,79
1478218692114,79
1478218692147,79
1478218692183,79
1478218693575,79
1478218694704,79
1478218697704,79
1478218831499,152.99396633852015
1478218871067,152.99396633852015
1478218872516,152.99396633852015
1478218875650,152.99396633852015
1478218878755,152.99396633852015
1478218879389,152.99396633852015
1478218880637,152.99396633852015
1478218881878,152.99396633852015
1478218892731,152.99396633852015
1478218916877,152.99396633852015
1478219232035,152.99396633852015
1478219237337,152.99396633852015
1478219239199,152.99396633852015
1478219240435,152.99396633852015
1478219241066,152.99396633852015
1478219242306,152.99396633852015
1478219251980,152.99396633852015
1478219252033,152.99396633852015
1478219252073,152.99396633852015
1478219252107,152.99396633852015
1478219252140,152.99396633852015
1478219252356,152.99396633852015
1478219306810,152.99396633852015
1478219308264,152.99396633852015
1478219308320,152.99396633852015
1478219308344,152.99396633852015
1478219546718,79
1478219568648,79
1478219575220,79
1478219575256,79
1478219575288,79
1478219575307,79
1478219576195,79
1478219579179,79
1478219648023,152.99396633852015
1478219674168,152.99396633852015
1478219692426,152.99396633852015
1478219700735,152.99396633852015
1478219700764,152.99396633852015
1478219700784,152.99396633852015
1478219700801,152.99396633852015
1478219700824,152.99396633852015
1478219700847,152.99396633852015
1478219701031,152.99396633852015
1478219701096,152.99396633852015
1478219701155,152.99396633852015
1478219701279,152.99396633852015
1478219704386,152.99396633852015
1478219744020,152.99396633852015
1478219817643,152.99396633852015
1478219875230,152.99396633852015
1478219881103,152.99396633852015
1478219881606,152.99396633852015
1478219881662,152.99396633852015
1478219881704,152.99396633852015
1478219881910,152.99396633852015
1478219882860,152.99396633852015
1478219883375,152.99396633852015
1478219885982,152.99396633852015
1478219892185,152.99396633852015
1478219892228,152.99396633852015
1478219892267,152.99396633852015
1478219892294,152.99396633852015
1478219892714,152.99396633852015
1478219894690,152.99396633852015
1478219895935,152.99396633852015
1478219896565,152.99396633852015
1478219940129,152.99396633852015
1478219949750,152.99396633852015
1478219949806,152.99396633852015
1478219950039,152.99396633852015
1478219950075,152.99396633852015
1478219950113,152.99396633852015
1478219950145,152.99396633852015
1478220010257,152.99396633852015
1478220133041,152.99396633852015
1478220146446,152.99396633852015
1478220155930,152.99396633852015
1478220155996,152.99396633852015
1478220156047,152.99396633852015
1478220156082,152.99396633852015
1478220156112,152.99396633852015
1478220156138,152.99396633852015
1478220158007,152.99396633852015
1478220167904,152.99396633852015
1478220181128,152.99396633852015
1478220667317,152.99396633852015
1478220668728,152.99396633852015
1478220668757,152.99396633852015
1478220674569,152.99396633852015
1478220677779,152.99396633852015
1478220686587,152.99396633852015
1478220686785,152.99396633852015
1478220686821,152.99396633852015
1478220686846,152.99396633852015
1478220686866,152.99396633852015
1478220686904,152.99396633852015
1478220687781,152.99396633852015
1478229466363,123
1478229470572,126
1478229470627,129
1478229471470,128
1478229475540,127
1478229476441,126
1478229479088,124
1478229480583,125
1478229482571,124
1478229483471,123
1478229484496,121
1478229485581,120
1478229490309,122.6
1478229492556,122.12
1478229493426,121.744
1478229494417,112
1478229495452,114
1478229497385,116
1478229498582,117
1478229499370,118
1478229500391,119
1478229505428,120
1478229505623,119
1478229505679,118
1478229505728,117
1478229516584,152.99396633852015
1478229521536,152.99396633852015
1478229523547,152.99396633852015
1478229525638,152.99396633852015
1478229526660,152.99396633852015
1478229528176,152.99396633852015
1478229528656,152.99396633852015
1478229529712,152.99396633852015
1478229531589,152.99396633852015
1478229533736,152.99396633852015
1478229542868,152.99396633852015
1478229546042,152.99396633852015
1478229546896,152.99396633852015
1478229547908,152.99396633852015
1478229548932,152.99396633852015
1478229559096,152.99396633852015
1478229561050,152.99396633852015
1478229563126,152.99396633852015
1478229570227,152.99396633852015
1478229571812,152.99396633852015
1478229576164,152.99396633852015
1478229577191,152.99396633852015
1478229580391,152.99396633852015
1478229583828,152.99396633852015
1478229583862,152.99396633852015
1478229584272,152.99396633852015
1478229585225,152.99396633852015
1478229586245,152.99396633852015
1478229587329,152.99396633852015
1478229588289,152.99396633852015
1478229589309,152.99396633852015
1478229590449,152.99396633852015
1478229592136,152.99396633852015
1478229592312,152.99396633852012
1478229593325,152.99396633852012
1478229594452,152.99396633852015
1478229595371,152.99396633852015
1478229596325,152.99396633852012
1478229597350,152.99396633852012
1478229598370,152.99396633852012
1478229599625,152.99396633852012
1478229600417,152.99396633852012
1478229601365,152.99396633852012
1478229605624,152.9939663385201
1478229605646,152.9939663385201
1478229605674,152.9939663385201
1478229605695,152.9939663385201
1478229608595,152.9939663385201
1478229609463,152.9939663385201
1478229610610,152.9939663385201
1478229611536,152.9939663385201
1478229614886,152.9939663385201
1478229614935,152.9939663385201
1478229614991,152.9939663385201
1478229615529,152.9939663385201
1478229616544,152.9939663385201
1478229617512,152.9939663385201
1478229618529,152.9939663385201
1478229619655,152.9939663385201
1478229622550,152.9939663385201
1478229624700,152.9939663385201
1478229626565,152.99396633852015
1478229627590,152.99396633852015
1478229632739,152.99396633852015
1478229634398,152.99396633852015
1478229634671,152.99396633852015
1478229635629,152.99396633852015
1478229636646,152.99396633852015
1478229637668,152.99396633852015
1478229638695,152.99396633852015
1478229639709,152.99396633852015
1478229641326,152.99396633852015
1478229641689,152.99396633852015
1478229648764,152.99396633852015
1478229653145,152.99396633852015
1478229653902,152.99396633852015
1478229653950,152.99396633852015
1478229654011,152.99396633852015
1478229654099,152.99396633852015
1478229654826,152.99396633852015
1478229655796,152.99396633852015
1478229656918,152.99396633852015
1478229657821,152.99396633852015
1478229658845,152.99396633852015
1478229660427,152.99396633852015
1478229667055,152.99396633852015
1478229669044,152.99396633852015
1478229671085,152.99396633852015
1478229672105,152.99396633852015
1478229673118,152.99396633852015
1478229674154,152.99396633852015
1478229675159,152.99396633852015
1478229676120,152.99396633852015
1478229677124,152.99396633852015
1478229679065,152.99396633852015
1478229681050,152.99396633852015
1478229682172,152.99396633852015
1478229693763,152.99396633852015
1478229695249,152.99396633852015
1478229695749,152.99396633852015
1478229696771,152.99396633852015
1478229697793,152.99396633852015
1478229698802,152.99396633852015
1478229700901,152.99396633852015
1478229702946,152.99396633852015
1478229703960,152.99396633852015
1478229713285,152.99396633852015
1478229725797,152.99396633852015
1478229728742,152.99396633852015
1478229729705,152.99396633852015
1478229737920,152.99396633852015
1478229742323,152.99396633852015
1478229742375,152.99396633852015
1478229742856,152.99396633852015
1478229752623,152.99396633852015
1478229757851,152.99396633852015
1478229757898,152.99396633852015
1478229757946,152.99396633852015
1478229758691,152.99396633852015
1478229759814,152.99396633852015
1478229760838,152.99396633852015
1478229762828,152.99396633852015
1478229771429,152.99396633852015
1478229771469,152.99396633852015
1478229771505,152.99396633852015
1478229787245,152.99396633852015
1478229793801,152.99396633852015
1478229793849,152.99396633852015
1478229793900,152.99396633852015
1478229793955,152.99396633852015
1478229794003,152.99396633852015
1478229794326,152.99396633852015
1478229797432,152.99396633852015
1478229804607,152.99396633852015
1478229804789,152.99396633852015
1478229804851,152.99396633852015
1478229804899,152.99396633852015
1478229816045,152.99396633852015
1478229817519,152.99396633852015
1478229817790,152.99396633852015
1478229818919,152.99396633852015
1478229821812,152.99396633852015
1478229823950,152.99396633852015
1478229824865,152.99396633852015
1478229828002,152.99396633852015
1478229833752,152.99396633852015
1478229833786,152.99396633852015
1478229833817,152.99396633852015
1478229833849,152.99396633852015
1478229833882,152.99396633852015
1478229833927,152.99396633852015
1478229835716,152.99396633852015
1478229836119,152.99396633852015
1478229837066,152.99396633852015
1478229838057,152.99396633852015
1478229839577,152.99396633852012
1478229839991,152.99396633852012
1478229841011,152.99396633852012
1478229841973,152.99396633852012
1478229846074,152.9939663385201
1478229847065,152.9939663385201
1478229848138,152.9939663385201
1478229850676,152.9939663385201
1478229850706,152.9939663385201
1478229851092,152.9939663385201
1478229852213,152.9939663385201
1478229853085,152.9939663385201
1478229854092,152.9939663385201
1478229855111,152.9939663385201
1478229859780,152.9939663385201
1478229866424,152.9939663385201
1478229866460,152.9939663385201
1478229866496,152.99396633852015
1478229866531,152.99396633852012
1478229866747,152.99396633852012
1478229867772,152.9939663385201
1478229870883,152.99396633852015
1478229882583,152.99396633852015
1478229886005,152.99396633852015
1478229887025,152.99396633852015
1478229891049,152.99396633852015
1478229892077,152.99396633852015
1478229893088,152.99396633852015
1478229894565,152.99396633852015
1478229896210,152.99396633852015
1478229897106,152.99396633852015
1478229898206,152.99396633852015
1478229899146,152.99396633852015
1478229900110,152.99396633852015
1478229905261,152.99396633852015
1478229906794,152.99396633852015
1478229907213,152.99396633852015
1478229908203,152.99396633852015
1478229909231,152.99396633852015
1478229910228,152.99396633852015
1478229911332,152.99396633852015
1478229912229,152.99396633852015
1478229913253,152.99396633852015
1478229914389,152.99396633852015
1478229915229,152.99396633852015
1478229916250,152.99396633852015
1478229917793,152.99396633852015
1478229922707,152.99396633852015
1478229924757,152.99396633852015
1478229925611,152.99396633852015
1478229926633,152.99396633852015
1478229928175,152.99396633852015
1478229928732,152.99396633852015
1478229931671,152.99396633852015
1478229932698,152.99396633852015
1478229933718,152.99396633852015
1478229934732,152.99396633852015
1478229935685,152.99396633852015
1478229937835,152.99396633852015
1478229944211,152.99396633852015
1478229946262,152.99396633852015
1478229947317,152.99396633852015
1478229948223,152.99396633852015
1478229950435,152.99396633852015
1478229950481,152.99396633852015
1478229951391,152.99396633852015
1478229953332,152.99396633852015
1478229954286,152.99396633852015
1478229956443,152.99396633852015
1478229957289,152.99396633852015
1478229967906,152.99396633852015
1478229969383,152.99396633852015
1478229971441,152.99396633852015
1478229972460,152.99396633852015
1478229973360,152.99396633852015
1478229977495,152.99396633852015
1478229978523,152.99396633852015
1478229980124,152.99396633852015
1478229981522,152.99396633852015
1478229982595,152.99396633852015
1478229986564,152.99396633852015
1478229992935,152.99396633852015
1478229995939,152.99396633852015
1478229996984,152.99396633852015
1478229998070,152.99396633852015
1478229998991,152.99396633852015
1478230000017,152.99396633852015
1478230001250,152.99396633852015
1478230003126,152.99396633852015
1478230004815,152.99396633852015
1478230005050,152.99396633852015
1478230007194,152.99396633852015
1478230008061,152.99396633852015
1478230009062,152.99396633852015
1478230010206,152.99396633852015
1478230014350,152.99396633852015
1478230017734,152.99396633852015
1478230017777,152.99396633852015
1478230018371,149
1478230019392,152
1478230020526,154
1478230022497,153
1478230027548,152.33132211284007
1478230029234,152.83283052821002
1478230031506,152.72138421368336
1478230033066,152.62851228491115
1478230033489,152.62851228491115
1478230036662,152.62851228491115
1478230037566,152.68795031932535
1478230043677,152.65823130211825
1478230044591,152.65823130211825
1478230045611,152.65823130211825
1478230046746,152.66566105642002
1478230047766,152.6600887406937
1478230051948,152.6600887406937
1478230051989,152.6600887406937
1478230052020,152.6600887406937
1478230052057,152.6600887406937
1478230068291,152.99396633852015
1478230073448,151
1478230073501,153
1478230074461,154
1478230076385,152.74849158463005
1478230077470,152.74849158463005
1478230080516,152.69939663385202
1478230082123,152.69939663385205
1478230083513,152.97915528739287
1478230084541,152.77498634487142
1478230085563,152.99396633852015
1478230096607,152.99396633852015
1478230098865,152.99396633852015
1478230098925,152.99396633852015
1478230099640,152.99396633852015
1478230100734,152.99396633852015
1478230101649,152.99396633852015
1478230107704,152.99396633852015
1478230109515,152.99396633852015
1478230109753,152.99396633852015
1478230110770,152.99396633852015
1478230111842,152.99396633852015
1478230112872,152.99396633852015
1478230113875,152.99396633852015
1478230133146,152.99396633852015
1478230137647,152.99396633852015
1478230137887,152.99396633852015
1478230137922,150
1478230137953,148
1478230138810,151.3963798031121
1478230139686,151.39637980311207
1478230141776,151.39637980311207
1478230143711,151.16815315519665
1478230146833,151.16815315519665
1478230146870,151.16815315519665
1478230146901,151.16815315519665
1478230147731,150.98557183686432
1478230148897,151.20727772341075
1478230150792,151.18026314059625
1478230152107,151.14938933166542
1478230152769,151.14938933166542
1478230153904,151.147043853724
1478230158692,151.1666726762124
1478230158738,151.16667267621236
1478230158799,151.16667267621236
1478230158845,151.16667267621236
1478230158876,151.16667267621236
1478230159885,151.16216100430142
1478230161026,151.16014965582423
1478230162021,151.16014965582423
1478230162857,151.1625408389706
1478230163876,151.16254083897064
1478230164885,151.1640905374953
1478230167556,151.1640905374953
1478230167590,151.1640905374953
1478230167953,151.16409053749527
1478230169018,151.16265601598582
1478230169946,151.1627110172841
1478230171100,151.16299561300184
1478230174077,151.1635321137504
1478230176089,151.16345233892972
1478230179690,151.1631727707415
1478230179727,151.1631727707415
1478230179753,151.1631727707415
1478230183259,152.99396633852015
1478230185170,152.99396633852015
1478230188275,151.89549019785298
1478230190292,145
1478230206037,152.99396633852015
1478230209751,152.99396633852015
1478230209789,152.99396633852015
1478230209959,151
1478230211144,152
1478230212124,152.99396633852015
1478230213125,152.99396633852015
1478230214021,152.99396633852015
1478230218159,152.99396633852015
1478230223212,152.99396633852015
1478230223247,152.99396633852015
1478230223281,152.99396633852015
1478230223310,152.99396633852015
1478230224049,152.99396633852015
1478230237253,152.99396633852015
1478230241111,152.99396633852015
1478230241153,152.99396633852015
1478230241270,152.99396633852015
1478230242290,152.99396633852015
1478230243415,152.99396633852015
1478230244331,152.99396633852015
1478230246350,152.99396633852015
1478230247331,152.99396633852015
1478230248813,152.99396633852015
1478230251370,152.99396633852015
1478230253504,152.99396633852015
1478230258037,152.99396633852015
1478230259487,152.99396633852015
1478230261008,152.99396633852015
1478230261970,152.99396633852015
1478230264969,152.99396633852015
1478230265925,152.99396633852015
1478230266951,152.99396633852015
1478230268091,152.99396633852015
1478230270012,152.99396633852015
1478230270970,152.99396633852015
1478230271990,152.99396633852015
1478230273666,152.99396633852015
1478230274033,152.99396633852015
1478230280198,152.99396633852015
1478230282070,152.99396633852015
1478230283089,152.99396633852015
1478230284112,152.99396633852015
1478230303666,152.99396633852015
1478230305129,152.99396633852015
1478230307209,144
1478230308107,140
1478230311229,141
1478230312240,142
1478230317283,141
1478230322438,141
1478230322623,141
1478230322675,141
1478230323330,141
1478230323365,141
1478230323397,141
1478230338291,152.99396633852015
1478230341105,152.99396633852015
1478230341294,152.99396633852015
1478230342306,152.99396633852015
1478230345485,152.99396633852015
1478230346507,152.99396633852015
1478230347455,152.99396633852015
1478230351618,152.99396633852015
1478230357429,152.99396633852015
1478230357458,152.99396633852015
1478230365111,152.99396633852015
1478230370414,152.99396633852015
1478230370448,152
1478230370466,153
1478230371172,152.99396633852015
1478230372399,152.99396633852015
1478230373269,152.99396633852015
1478230376212,152.99396633852015
1478230381699,152.99396633852015
1478230381905,152.99396633852015
1478230381950,152.99396633852015
1478230383224,152.99396633852015
1478230395638,152.99396633852015
1478230397563,152.99396633852015
1478230398524,152.99396633852015
1478230399558,150
1478230401705,149
1478230402773,148
1478230403688,147
1478230404592,146
1478230419213,152.99396633852015
1478230429832,152.99396633852015
1478230432264,152.99396633852015
1478230432297,152.99396633852015
1478230432326,152.99396633852015
1478230432357,152.99396633852015
1478230432386,152.99396633852015
1478230445804,152.99396633852015
1478230448220,152.99396633852015
1478230448813,152.99396633852015
1478230449834,152.99396633852015
1478230450851,152.99396633852015
1478230451867,152.99396633852015
1478230452893,152.99396633852015
1478230453852,152.99396633852015
1478230462055,152.99396633852015
1478230463684,152.99396633852015
1478230471792,152.99396633852015
1478230473882,152.99396633852015
1478230475406,152.99396633852015
1478230477960,152.99396633852015
1478230479931,152.99396633852015
1478230480959,152.99396633852015
1478230482993,152.99396633852015
1478230483904,152.99396633852015
1478230488360,152.99396633852015
1478230488408,152.99396633852015
1478230488446,152.99396633852015
1478230488505,152.99396633852015
1478230488956,152.99396633852015
1478230497647,152.99396633852015
1478230503336,152.99396633852015
1478230503389,152.99396633852015
1478230503443,152.99396633852015
1478230503504,152.99396633852015
1478230503559,152.99396633852015
1478230503614,152.99396633852015
1478230504607,152.99396633852015
1478230506704,152.99396633852015
1478230507614,152.99396633852015
1478230510789,152.99396633852015
1478230512465,152.99396633852015
1478230513770,152.99396633852015
1478230514826,152.99396633852015
1478230523093,152.99396633852015
1478230530200,152.99396633852015
1478230530276,152.99396633852015
1478230530308,152.99396633852015
1478230530352,152.99396633852015
1478230531131,152.99396633852015
1478230532152,152.99396633852015
1478230533275,152.99396633852015
1478230534849,152.99396633852015
1478230536323,152.99396633852015
1478230537193,152.99396633852015
1478230539262,152.99396633852012
1478230541335,152.99396633852015
1478230543733,152.99396633852012
1478230546636,152.99396633852012
1478230546721,152.99396633852012
1478230547869,152.99396633852015
1478230548773,152.99396633852015
1478230549794,152.99396633852015
1478230550811,152.99396633852015
1478230551773,152.99396633852015
1478230552908,152.99396633852015
1478230554014,152.99396633852015
1478230556504,152.99396633852015
1478230556550,152.99396633852012
1478230558947,152.99396633852015
1478230559977,152.99396633852015
1478230560893,152.99396633852015
1478230571626,152.99396633852015
1478230573133,152.99396633852015
1478230575112,152.99396633852015
1478230576189,152.99396633852015
1478230577173,152.99396633852015
1478230579198,152.99396633852015
1478230583324,152.99396633852015
1478230584997,152.99396633852015
1478230587227,152.99396633852015
1478230588244,152.99396633852015
1478230589324,152.99396633852015
1478230590343,152.99396633852015
1478230591260,152.99396633852015
1478230592269,152.99396633852015
1478230593403,152.99396633852015
1478230594947,152.99396633852015
1478230595272,152.99396633852015
1478230596291,152.99396633852015
1478230597306,152.99396633852015
1478230598432,152.99396633852015
1478230607389,152.99396633852015
1478230617287,152.99396633852015
1478230619332,152.99396633852015
1478230620993,152.99396633852015
1478230621317,152.99396633852015
1478230622393,152.99396633852015
1478230623350,152.99396633852015
1478230626452,152.99396633852015
1478230627368,152.99396633852015
1478230629504,152.99396633852015
1478230633640,152.99396633852015
1478230633688,152.99396633852015
1478230634450,152.99396633852015
1478230636538,152.99396633852015
1478230639605,152.99396633852015
1478230642107,152.99396633852015
1478230642151,152.99396633852015
1478230642493,152.99396633852015
1478230643563,152.99396633852015
1478230644473,152.99396633852015
1478230645487,152.99396633852015
1478230649573,152.99396633852015
1478230650527,152.99396633852015
1478230654322,152.99396633852015
1478230654359,152.99396633852015
1478230654388,152.99396633852015
1478230654613,152.99396633852015
1478230658255,152.99396633852015
1478230660300,152.99396633852015
1478230661270,152.99396633852015
1478230668816,152.99396633852015
1478230668867,152.99396633852015
1478230668897,152.99396633852015
1478230668950,152.99396633852015
1478230668993,152.99396633852015
1478230669253,152.99396633852015
1478230670273,152.99396633852015
1478230671292,152.99396633852015
1478230672762,152.99396633852015
1478230673267,152.99396633852015
1478230674286,152.99396633852015
1478230675411,152.99396633852015
1478230688147,152.99396633852015
1478230693471,152.99396633852015
1478230693511,152.99396633852015
1478230693547,152.99396633852015
1478230696186,152.99396633852015
1478230697026,152.99396633852015
1478230699188,152.99396633852015
1478230700864,152.99396633852015
1478230701112,152.99396633852015
1478230702179,152.99396633852015
1478230729091,152.99396633852015
1478230731997,152.99396633852015
1478230732048,152.99396633852015
1478230733073,152.99396633852015
1478230734102,152.99396633852015
1478230735011,152.99396633852015
1478230736035,152.99396633852015
1478230738014,152.99396633852015
1478230740155,152.99396633852015
1478230752960,152.99396633852015
1478230758555,152.99396633852015
1478230758591,152.99396633852015
1478230758628,162
1478230759251,160
1478230760208,159
1478230762357,160
1478230764293,161
1478230765956,162
1478230766266,165
1478230767287,167
1478230768418,169
1478230770282,164
1478230771666,164
1478230772326,164
1478230773356,164.5
1478230777367,165.1
1478230784240,165.1
1478230784286,165.1
1478230800227,152.99396633852015
1478230802789,152.99396633852015
1478230802841,152.99396633852015
1478230803233,152.99396633852015
1478230804252,152.99396633852015
1478230805389,152.99396633852015
1478230806402,152.99396633852015
1478230807434,152.99396633852015
1478230808382,152.99396633852015
1478230810450,152.99396633852015
1478230811919,152.99396633852015
1478230812350,152.99396633852012
1478230813482,152.99396633852015
1478230818492,152.99396633852015
1478230830412,152.99396633852015
1478230832665,152.99396633852015
1478230833413,152.99396633852015
1478230834433,152.99396633852015
1478230835453,152.99396633852015
1478230836469,152.99396633852015
1478230838555,152.99396633852015
1478230849545,152.99396633852015
1478230858792,152.99396633852015
1478230859628,152.99396633852015
1478230865094,152.99396633852015
1478230865122,152.99396633852015
1478230866827,152.99396633852015
1478230879479,152.99396633852015
1478230886087,152.99396633852015
1478230886133,152.99396633852015
1478230886162,152.99396633852015
1478230886202,152.99396633852015
1478230886237,152.99396633852015
1478230886275,152.99396633852015
1478230886448,152.99396633852015
1478230887474,152.99396633852015
1478230892625,152.99396633852015
1478230913390,152.99396633852015
1478230915438,152.99396633852015
1478230916514,152.99396633852015
1478230917528,153
1478230919563,152
1478230920570,150
1478230921590,152.99396633852015
1478230923578,152.99396633852015
1478230926830,152.99396633852015
1478230926870,152.99396633852015
1478230926887,152.99396633852015
1478230927489,152.99396633852015
1478230930669,152.99396633852015
1478230945971,152.99396633852015
1478230949094,152.99396633852015
1478230950110,152.99396633852015
1478230953047,152.99396633852015
1478230954008,152.99396633852015
1478230955093,152.99396633852015
1478230957185,152.99396633852015
1478230963891,152.99396633852015
1478230963950,152.99396633852015
1478230964006,152.99396633852015
1478230964215,152.99396633852015
1478230964252,152.99396633852015
1478230964306,152.99396633852015
1478230970371,152.99396633852015
1478230974414,152.99396633852015
1478230974454,152.99396633852015
1478230974487,152.99396633852015
1478230974526,152.99396633852015
1478230975312,152.99396633852015
1478230978420,152.99396633852015
1478230979437,152.99396633852015
1478230983454,152.99396633852015
1478230987529,152.99396633852015
1478230987555,152.99396633852015
1478230988397,152.99396633852015
1478230992881,152.99396633852015
1478230994921,152.99396633852015
1478231002981,152.99396633852015
1478231003033,152.99396633852015
1478231003078,152.99396633852015
1478231003129,152.99396633852015
1478231003168,152.99396633852015
1478231003199,152.99396633852015
1478231003232,152.99396633852015
1478231004032,152.99396633852015
1478231004086,152.99396633852015
1478231005014,152.99396633852015
1478231011986,152.99396633852012
1478231012180,152.99396633852012
1478231040468,152.99396633852015
1478231045212,152.99396633852015
1478231045251,152.99396633852015
1478231045293,152.99396633852015
1478231045985,152.99396633852015
1478231047133,152.99396633852015
1478231051145,152.99396633852015
1478231052803,152.99396633852015
1478231053011,158
1478231054043,157
1478231055053,155
1478231056178,154
1478231057203,152.99396633852015
1478231060211,152.99396633852015
1478231066994,152.99396633852015
1478231069984,152.99396633852015
1478231071005,152.99396633852015
1478231072025,152.99396633852015
1478231075021,152.99396633852015
1478231079104,152.99396633852015
1478231092311,152.99396633852015
1478231093757,152.99396633852015
1478231093796,152.99396633852015
1478231093834,152.99396633852015
1478231093890,152.99396633852015
1478231125647,152.99396633852015
1478231128964,152.99396633852015
1478231129009,152.99396633852015
1478231129048,152.99396633852015
1478231129574,152.99396633852015
1478231130705,152.99396633852015
1478231131723,152.99396633852015
1478231132755,152.99396633852015
1478231133691,152.99396633852015
1478231134710,152.99396633852015
1478231135739,152.99396633852015
1478231142750,152.99396633852015
1478231142802,152.99396633852015
1478231171335,152.99396633852015
1478231174790,152.99396633852015
1478231174861,152.99396633852015
1478231174906,152.99396633852015
1478231175351,158
1478231176375,152.99396633852015
1478231177393,152.99396633852015
1478231178412,152.99396633852015
1478231181416,152.99396633852015
1478231182853,152.99396633852015
1478231183451,152.99396633852015
1478231199709,152.99396633852015
1478231201266,152.99396633852015
1478231201632,152.99396633852015
1478231202696,152.99396633852015
1478231203722,152.99396633852015
1478231204742,152.99396633852015
1478231205760,152.99396633852015
1478231206674,152.99396633852015
1478231207628,152.99396633852015
1478231208755,152.99396633852015
1478231209785,152.99396633852015
1478231216958,152.99396633852015
1478231217019,152.99396633852015
1478231217074,152.99396633852015
1478231217122,152.99396633852015
1478231217173,152.99396633852015
1478231217227,152.99396633852015
1478231231565,152.99396633852015
1478231235052,152.99396633852015
1478231235092,152.99396633852015
1478231235475,152.99396633852015
1478231239616,152.99396633852015
1478231240507,152.99396633852015
1478231241656,152.99396633852015
1478231246958,152.99396633852015
1478231246990,152.99396633852015
1478231260367,152.99396633852015
1478231261860,152.99396633852015
1478231262353,152.99396633852015
1478231263368,152.99396633852015
1478231264492,149
1478231265519,150
1478231268572,149
1478231269542,148
1478231270562,147
1478231272823,145
1478231272871,148.71342376264576
1478231273513,148.10191768037797
1478231286047,152.99396633852015
1478231287593,152.99396633852015
1478231289513,152.99396633852015
1478231290529,152.99396633852015
1478231291555,152.99396633852015
1478231292591,152.99396633852015
1478231293427,152.99396633852015
1478231294562,152.99396633852015
1478231295475,152.99396633852015
1478231296501,152.99396633852015
1478231302757,152.99396633852015
1478231302842,152.99396633852015
1478231302874,152.99396633852015
1478231302918,152.99396633852015
1478231302972,152.99396633852015
1478231303011,152.99396633852015
1478231309687,152.99396633852015
1478231314957,152.99396633852015
1478231315002,152.99396633852015
1478231315634,152.99396633852015
1478231316775,152.99396633852015
1478231317674,152.99396633852015
1478231320776,152.99396633852015
1478231331689,152.99396633852015
1478231338638,152.99396633852015
1478231338691,152.99396633852015
1478231338747,152.99396633852015
1478231346042,152.99396633852015
1478231347970,152.99396633852015
1478231348933,152.99396633852015
1478231349953,152.99396633852015
1478231351094,152.99396633852015
1478231352092,152.99396633852015
1478231353013,152.99396633852015
1478231354040,152.99396633852015
1478231355013,152.99396633852015
1478231357156,152.99396633852015
1478231359075,152.99396633852015
1478231360139,152.99396633852015
1478231361168,152.99396633852015
1478231362189,152.99396633852015
1478231363208,152.99396633852015
1478231364116,152.99396633852015
1478231370414,152.99396633852015
1478231372452,152.99396633852015
1478231373604,152.99396633852015
1478231374434,151
1478231375556,155
1478231376476,159
1478231377496,163
1478231378446,165
1478231379600,156.49773737694505
1478231380495,156.93570875674817
1478231394287,152.99396633852015
1478231396332,152.99396633852015
1478231397411,152.99396633852015
1478231398447,152.99396633852015
1478231401374,152.99396633852015
1478231403503,152.99396633852015
1478231404374,152.99396633852015
1478231406958,152.99396633852015
1478231407016,152.99396633852015
1478231407548,152.99396633852015
1478231408502,152.99396633852015
1478231409410,152.99396633852015
1478231410542,152.99396633852015
1478231411568,152.99396633852015
1478231412432,152.99396633852015
1478231414568,152.99396633852015
1478231423620,152.99396633852015
1478231423682,152.99396633852015
1478231423743,152.99396633852015
1478231424667,152.99396633852015
1478231429710,152.99396633852015
1478231429753,152.99396633852015
1478231429796,152.99396633852015
1478231429847,152.99396633852015
1478231429890,152.99396633852015
1478231429938,152.99396633852015
1478231429995,152.99396633852015
1478231430588,152.99396633852015
1478231431720,152.99396633852015
1478231445648,152.99396633852015
1478231449048,152.99396633852015
1478231449099,152.99396633852015
1478231449554,152.99396633852015
1478231452614,152.99396633852015
1478231453753,152.99396633852015
1478231459642,152.99396633852015
1478231462352,152.99396633852015
1478231462381,152
1478231471929,152.4969831692601
1478231474566,152.4969831692601
1478231474934,152.4969831692601
1478231475954,152.4969831692601
1478231477080,152.4969831692601
1478231478103,152.4969831692601
1478231481113,152.49698316926012
1478231482125,152.49698316926012
1478231483598,152.49698316926012
1478231484157,152.49698316926012
1478231485116,152.49698316926012
1478231486094,152.49698316926012
1478231487055,152.49698316926012
1478231488188,152.99396633852015
1478231492205,152.99396633852015
1478231495194,152.99396633852015
1478231495245,152.99396633852015
1478231499293,152.99396633852015
1478231500307,152.99396633852015
1478231501251,152.99396633852015
1478231504329,152.99396633852015
1478231510873,152.99396633852015
1478231510903,152.99396633852015
1478231510934,152.99396633852015
1478231510968,152.99396633852015
1478231511010,152.99396633852015
1478231531816,152.99396633852015
1478231534528,152.99396633852015
1478231534815,152.99396633852015
1478231535835,152.99396633852015
1478231536958,152.99396633852015
1478231537983,152.99396633852015
1478231538986,152.99396633852015
1478231540018,152.99396633852015
1478231540979,152.99396633852015
1478231541895,152.99396633852015
1478231544686,152.99396633852015
1478231546082,152.99396633852015
1478231547039,152.99396633852015
1478231548970,152.99396633852015
1478231559480,152.99396633852015
1478231563479,152.99396633852015
1478231563526,152.99396633852015
1478231563577,152.99396633852015
1478231563636,152.99396633852015
1478231563915,152.99396633852015
1478231564926,152.99396633852015
1478231566067,152.99396633852015
1478231567934,152.99396633852015
1478231568951,152.99396633852015
1478231569975,152.99396633852015
1478231578404,152.99396633852015
1478231578443,152.99396633852015
1478231578469,152.99396633852015
1478231578500,152.99396633852015
1478231578521,152.99396633852015
1478231581857,152.99396633852015
1478231585385,152.99396633852015
1478231585869,152.99396633852015
1478231594089,152.99396633852015
1478231595778,152.99396633852015
1478231595953,152.99396633852015
1478231598111,152.99396633852015
1478231599020,152.99396633852015
1478231623610,152.99396633852015
1478231631717,152.99396633852015
1478231631767,152.99396633852015
1478231631806,152.99396633852015
1478231631863,152.99396633852015
1478231631921,152.99396633852015
1478231633685,152.99396633852015
1478231637895,152.99396633852015
1478231637946,152.99396633852015
1478231637980,152.99396633852015
1478231661339,152.99396633852015
1478231665262,152.99396633852015
1478231665300,152.99396633852015
1478231665328,152.99396633852015
1478231665366,159
1478231667409,158
1478231669329,157
1478231672444,156
1478231674313,155.56884271650864
1478231675451,156.64221067912717
1478231696093,152.99396633852015
1478231699748,152.99396633852015
1478231700113,152.99396633852015
1478231701237,152.99396633852015
1478231702147,152.99396633852015
1478231703355,152.99396633852015
1478231708332,152.99396633852015
1478231724835,152.99396633852015
1478231727075,152.99396633852015
1478231727256,152.99396633852015
1478231727949,152.99396633852015
1478231728965,152.99396633852015
1478231729988,152.99396633852015
1478231730942,152.99396633852015
1478231732023,152.99396633852015
1478231733951,152.99396633852015
1478231734916,152.99396633852015
1478231737096,144
1478231737140,145
1478231737974,147
1478231738939,143
1478231740069,141
1478231741086,152.99396633852015
1478231742110,152.99396633852015
1478231749661,148.99597755901345
1478231755426,148.99597755901345
1478231755453,148.99597755901345
1478231755474,152.99396633852015
1478231755496,152.99396633852015
1478231755611,152.99396633852015
1478231756636,152.99396633852015
1478231759731,151.66130341201793
1478231783682,152.99396633852015
1478231802168,152.99396633852015
1478231804301,152.99396633852015
1478231804370,152.99396633852015
1478231806202,152.99396633852015
1478231807215,146
1478231808355,148
1478231811332,149
1478231813389,150.3303165025934
1478231814943,149.2648565682227
1478231815254,149.2648565682227
1478231822440,149.62000987967963
1478231823471,149.38324100537503
1478231832596,149.38324100537503
1478231835701,149.38324100537503
1478231841434,152.99396633852015
1478231841470,150.5868161164234
1478231841501,150.5868161164234
1478231841533,150.5868161164234
1478231841656,150.5868161164234
1478231842676,150.7874119682648
1478231844717,150.78741196826482
1478231845727,150.98800782010622
1478231848729,150.98800782010622
1478231849749,150.98800782010622
1478231858326,150.98800782010622
1478231861613,150.98800782010622
1478231861667,150.98800782010622
1478231862236,150.98800782010622
1478231863358,150.98800782010622
1478231864397,150.98800782010622
1478231865395,150.98800782010622
1478231866375,150.98800782010622
1478231867270,150.98800782010622
1478231870450,150.98800782010622
1478231877800,152.99396633852015
1478231896374,152.99396633852015
1478231899614,152.99396633852015
1478231899642,152.99396633852015
1478231899669,152.99396633852015
1478231900395,152.99396633852015
1478231903561,152.99396633852015
1478231904469,152.99396633852015
1478231905430,152.99396633852015
1478231907580,152.99396633852015
1478231918521,152.99396633852015
1478231924058,152.99396633852015
1478231924113,152.99396633852015
1478231924158,152.99396633852015
1478231924190,152.99396633852015
1478231924221,152.99396633852015
1478231924935,152.99396633852015
1478231925893,152.99396633852015
1478231927027,152.99396633852015
1478231930069,152.99396633852015
1478231933336,152.99396633852015
1478231935130,152.99396633852015
1478231936154,152.99396633852015
1478231947193,152.99396633852015
1478231951207,152.99396633852015
1478231953253,152.99396633852015
1478231954157,152.99396633852015
1478231957262,152.99396633852015
1478231961486,152.99396633852015
1478231961529,152.99396633852015
1478231962196,152.99396633852015
1478231983189,152.99396633852015
1478231984685,152.99396633852015
1478231984728,152.99396633852015
1478231985661,152.99396633852015
1478231986557,152.99396633852015
1478231987574,152.99396633852015
1478231988590,152.99396633852015
1478231989722,152.99396633852015
1478231990636,152.99396633852015
1478231991596,152.99396633852015
1478231993743,152.99396633852015
1478231995302,152.99396633852015
1478231995676,152.99396633852015
1478231996690,152.99396633852015
1478231997752,152.99396633852015
1478231998677,152.99396633852015
1478231999694,152.99396633852015
1478232000829,152.99396633852015
1478232003830,152.99396633852015
1478232008496,152.99396633852015
1478232008546,152.99396633852015
1478232008760,152.99396633852015
1478232009776,152.99396633852015
1478232010795,152.99396633852015
1478232011814,152.99396633852015
1478232012770,152.99396633852015
1478232015940,152.99396633852015
1478232018444,152.99396633852015
1478232018834,152.99396633852015
1478232026636,152.99396633852015
1478232031875,152.99396633852015
1478232031913,152.99396633852015
1478232031948,152.99396633852015
1478232035697,152.99396633852015
1478232036831,152.99396633852015
1478232038754,152.99396633852015
1478232040837,152.99396633852015
1478232075041,152.99396633852015
1478232078455,152.99396633852015
1478232078505,152.99396633852015
1478232078955,152.99396633852015
1478232079971,152.99396633852015
1478232080997,152.99396633852015
1478232083033,152.99396633852015
1478232086144,152.99396633852015
1478232112853,152.99396633852015
1478232164924,152.99396633852015
1478232176558,152.99396633852015
1478232200625,152.99396633852015
1478232202102,152.99396633852015
1478232202136,152.99396633852015
1478232202166,152.99396633852015
1478232202213,152.99396633852015
1478232202277,152.99396633852015
1478232256586,152.99396633852015
1478232258293,152.99396633852015
1478232258544,152.99396633852015
1478232259659,152.99396633852015
1478232260516,152.99396633852015
1478232261541,152.99396633852015
1478232262676,152.99396633852015
1478232267719,152.99396633852015
1478232299397,152.99396633852015
1478232300842,152.99396633852015
1478232300895,152.99396633852015
1478232300922,152.99396633852015
1478232300955,152.99396633852015
1478232311634,152.99396633852015
1478232320905,152.99396633852015
1478232320980,152.99396633852015
1478232321007,152.99396633852015
1478232321038,152.99396633852015
1478232321077,152.99396633852015
1478232325903,152.99396633852015
1478232347562,152.99396633852015
1478232378055,152.99396633852015
1478232386287,152.99396633852015
1478232386343,155
1478232386567,153.6626442256801
1478232386599,153.6626442256801
1478232386636,153.6626442256801
1478232386669,153.6626442256801
1478232389206,153.77409054020674
1478232398414,152.99396633852015
1478232398466,152.99396633852015
1478232398500,152.99396633852015
1478232398526,152.99396633852015
1478232429470,152.99396633852015
1478232434138,152.99396633852015
1478232434176,152.99396633852015
1478232434201,152.99396633852015
1478232434513,152.99396633852015
1478232435649,152.99396633852015
1478232436557,152.99396633852015
1478232437575,152.99396633852015
1478232439725,152.99396633852015
1478232453357,152.99396633852015
1478232459304,152.99396633852015
1478232477042,152.99396633852015
1478232482208,152.99396633852015
1478232482249,152.99396633852015
1478232482997,152.99396633852015
1478232484124,152.99396633852015
1478232488157,152.99396633852015
1478232501417,152.99396633852015
1478232503301,152.99396633852015
1478232503330,152.99396633852015
1478232518037,152.99396633852015
1478232521425,152.99396633852015
1478232521462,152.99396633852015
1478232521498,152.99396633852015
1478232522055,152.99396633852015
1478232523188,152.99396633852015
1478232524207,152.99396633852015
1478232526245,152.99396633852015
1478232528181,152.99396633852015
1478232529638,152.99396633852015
1478232530261,152.99396633852015
1478232533273,152.99396633852015
1478232543901,152.99396633852015
1478232549391,152.99396633852015
1478232549443,152.99396633852015
1478232549470,152.99396633852015
1478232549508,152.99396633852015
1478232549541,152.99396633852015
1478232551439,152.99396633852015
1478232552396,152.99396633852015
1478232571770,152.99396633852015
1478232576548,152.99396633852015
1478232576590,152.99396633852015
1478232576618,152.99396633852015
1478232579109,152.99396633852015
1478232582606,152.99396633852015
1478232593042,152.99396633852015
1478232595855,152.99396633852015
1478232595914,152.99396633852015
1478232614690,152.99396633852015
1478232617785,152.99396633852015
1478232617827,152.99396633852015
1478232618599,152.99396633852015
1478232620636,152.99396633852015
1478232621746,152.99396633852015
1478232622780,152.99396633852015
1478232625827,152.99396633852015
1478232627328,152.99396633852015
1478232627722,152.99396633852015
1478232628816,152.99396633852015
1478232631853,152.99396633852015
1478232664374,152.99396633852015
1478232670501,152.99396633852015
1478232670538,152.99396633852015
1478232670562,152.99396633852015
1478232670589,152.99396633852015
1478232670613,152.99396633852015
1478232671331,152.99396633852015
1478232672470,152.99396633852015
1478232675476,152.99396633852015
1478232680826,152.99396633852015
1478232721913,152.99396633852015
1478232726230,152.99396633852015
1478232726286,152.99396633852015
1478232726322,152.99396633852015
1478232727257,152.99396633852015
1478232729415,152.99396633852015
1478232730309,152.99396633852015
1478232731397,152.99396633852015
1478232733317,152.99396633852015
1478232734990,152.99396633852015
1478232736364,152.99396633852015
1478232737430,152.99396633852015
1478232738493,152.99396633852015
1478232743499,152.99396633852015
1478232745164,152.99396633852015
1478232745442,152.99396633852015
1478232746559,152.99396633852015
1478232747466,152.99396633852015
1478232748436,152.99396633852015
1478232749456,152.99396633852015
1478232750595,152.99396633852015
1478232751602,152.99396633852015
1478232752573,152.99396633852015
1478232753666,152.99396633852015
1478232756882,152.99396633852015
1478232756927,152.99396633852015
1478232756956,152.99396633852015
1478232757491,152.99396633852015
1478232764997,152.99396633852015
1478232771510,152.99396633852015
1478232771566,152.99396633852015
1478232771608,152.99396633852015
1478232771659,152.99396633852015
1478232771959,152.99396633852015
1478232772978,152.99396633852015
1478232774045,152.99396633852015
1478232776079,152.99396633852015
1478232777733,152.99396633852015
1478232778011,152.99396633852015
1478232779143,152.99396633852012
1478232779998,152.99396633852012
1478232782031,152.99396633852015
1478232783171,152.99396633852015
1478232795478,152.99396633852015
1478232799649,152.99396633852015
1478232799719,152.99396633852015
1478232799758,162
1478232800611,160
1478232802677,161
1478232803572,159
1478232804659,157.28312843079433
1478232805662,152.99396633852015
1478232816183,152.99396633852015
1478232817638,152.99396633852015
1478232817695,152.99396633852015
1478232817740,152.99396633852015
1478232831592,152.99396633852015
1478232834999,152.99396633852015
1478232835046,152.99396633852015
1478232835504,152.99396633852015
1478232836627,152.99396633852015
1478232837538,152.99396633852015
1478232838552,152.99396633852015
1478232839577,152.99396633852015
1478232842696,152.99396633852015
1478232845286,152.99396633852015
1478232845336,152.99396633852015
1478232847732,152.99396633852015
1478232856073,152.99396633852015
1478232871088,152.99396633852015
1478232892145,152.99396633852015
1478232893767,152.99396633852015
1478232893811,152.99396633852015
1478232893846,152.99396633852015
1478232893885,152.99396633852015
1478232893937,152.99396633852015
1478232893981,152.99396633852015
1478232928554,152.99396633852015
1478232931020,152.99396633852015
1478232931046,152.99396633852015
1478232931856,152.99396633852015
1478232933891,152.99396633852015
1478232934949,152.99396633852015
1478232937119,152.99396633852015
1478232940074,152.99396633852015
1478232943068,152.99396633852015
1478232944998,152.99396633852015
1478232946013,152.99396633852015
1478232951119,152.99396633852015
1478232954233,152.99396633852015
1478232955128,152.99396633852015
1478232956151,152.99396633852015
1478232958258,152.99396633852015
1478232959329,152.99396633852015
1478232960372,152.99396633852015
1478232961307,152.99396633852015
1478232965721,152.99396633852015
1478232965772,148
1478232968379,152.99396633852015
1478232971938,151.3293108923468
1478232976258,152.16163861543347
1478232976291,152.99396633852015
1478232977124,152.36972054620514
1478232978099,152.36972054620514
1478232980992,152.24487138774214
1478232982124,152.4279834868212
1478232984642,152.4279834868212
1478232984689,152.4279834868212
1478232985079,144
1478232986191,145
1478232989215,149.7548036413676
1478232990214,149.7548036413676
1478233009440,152.99396633852015
1478233011580,152.99396633852015
1478233012595,152.99396633852015
1478233013559,152.99396633852015
1478233014581,152.99396633852015
1478233015621,152.99396633852015
1478233017537,152.99396633852015
1478233018671,152.99396633852015
1478233019625,152.99396633852015
1478233027807,152.99396633852015
1478233027851,152.99396633852015
1478233027884,152.99396633852015
1478233045143,152.99396633852015
1478233050618,152.99396633852015
1478233050660,152.99396633852015
1478233050698,152.99396633852015
1478233050739,152.99396633852015
1478233051192,152.99396633852015
1478233052224,152.99396633852015
1478233053237,152.99396633852015
1478233054255,152.99396633852015
1478233055218,152.99396633852015
1478233057365,152.99396633852015
1478233058444,152.99396633852015
1478233061388,152.99396633852015
1478233062291,152.99396633852015
1478233066498,152.99396633852015
1478233068624,152.99396633852015
1478233069675,152.99396633852015
1478233070518,152.99396633852015
1478233071543,152.99396633852015
1478233072551,152.99396633852015
1478233073584,152.99396633852015
1478233074605,152.99396633852015
1478233075669,152.99396633852015
1478233077780,152.99396633852015
1478233082679,152.99396633852015
1478233082715,152.99396633852015
1478233082740,152.99396633852015
1478233082773,146
1478233083655,148
1478233096978,152.99396633852015
1478233099476,152.99396633852015
1478233100037,152.99396633852015
1478233100997,152.99396633852015
1478233102017,152.99396633852015
1478233103038,152.99396633852015
1478233105182,152.99396633852015
1478233106033,152.99396633852015
1478233122232,152.99396633852015
1478233123705,152.99396633852015
1478233124853,152.99396633852015
1478233125713,152.99396633852015
1478233126732,152.99396633852015
1478233127639,152.99396633852015
1478233128659,152.99396633852015
1478233129822,152.99396633852015
1478233133806,152.99396633852015
1478233140818,152.99396633852015
1478233140851,152.99396633852015
1478233140872,152.99396633852015
1478233140897,152.99396633852015
1478233140925,152.99396633852015
1478233140970,152.99396633852015
1478233153620,152.99396633852015
1478233155885,152.99396633852015
1478233156749,152.99396633852015
1478233157638,143
1478233158657,152.99396633852015
1478233159671,152.99396633852015
1478233160810,152.99396633852015
1478233161714,152.99396633852015
1478233162690,152.99396633852015
1478233163819,152.99396633852015
1478233165497,152.99396633852015
1478233165738,152.99396633852015
1478233168917,152.99396633852015
1478233176599,152.99396633852015
1478233180926,152.99396633852015
1478233181107,152.99396633852015
1478233181693,152.99396633852015
1478233182661,152.99396633852015
1478233183683,152.99396633852015
1478233184704,152.99396633852015
1478233187794,152.99396633852015
1478233190867,152.99396633852015
1478233207139,152.99396633852015
1478233210361,152.99396633852015
1478233210416,152.99396633852015
1478233211186,152.99396633852015
1478233212301,152.99396633852015
1478233213199,152.99396633852015
1478233214218,152.99396633852015
1478233215233,152.99396633852015
1478233216261,152.99396633852015
1478233218240,152.99396633852015
1478233230769,152.99396633852015
1478233233238,152.99396633852015
1478233234254,152.99396633852015
1478233235273,152.99396633852015
1478233236296,152.99396633852015
1478233237316,152.99396633852015
1478233246378,152.99396633852015
1478233248534,152.99396633852015
1478233251419,152.99396633852015
1478233252439,152.99396633852015
1478233253482,152.99396633852015
1478233254589,152.99396633852015
1478233255431,152.99396633852015
1478233256460,152.99396633852015
1478233288024,152.99396633852015
1478233311471,152.99396633852015
1478233312909,152.99396633852015
1478233312953,152.99396633852015
1478233313999,152.99396633852015
1478233316998,152.99396633852015
1478233317957,152.99396633852015
1478233319040,152.99396633852015
1478233319998,152.99396633852015
1478233321138,152.99396633852015
1478233322035,152.99396633852015
1478233325038,152.99396633852015
1478233326058,152.99396633852015
1478233328157,152.99396633852015
1478233329669,152.99396633852015
1478233330072,152.99396633852015
1478233333136,152.99396633852015
1478233335123,152.99396633852015
1478233337157,152.99396633852015
1478233338182,152.99396633852015
1478233339138,152.99396633852015
1478233340164,152.99396633852015
1478233341238,152.99396633852015
1478233342193,152.99396633852015
1478233343222,152.99396633852015
1478233344718,152.99396633852015
1478233345195,152.99396633852015
1478233346528,152.99396633852015
1478233347237,152.99396633852015
1478233348257,152.99396633852015
1478233349283,152.99396633852015
1478233350237,152.99396633852015
1478233351256,152.99396633852015
1478233352271,152.99396633852015
1478233353296,152.99396633852015
1478233354801,152.99396633852015
1478233355276,152.99396633852015
1478233358337,152.99396633852015
1478233359357,152.99396633852015
1478233360316,152.99396633852015
1478233361336,152.99396633852015
1478233362351,152.99396633852015
1478233364398,152.99396633852015
1478233365905,152.99396633852015
1478233366378,152.99396633852015
1478233367397,152.99396633852015
1478233368542,152.99396633852015
1478233369437,152.99396633852015
1478233370397,152.99396633852015
1478233371417,152.99396633852015
1478233372431,152.99396633852015
1478233374478,152.99396633852015
1478233375988,152.99396633852015
1478233376456,152.99396633852015
1478233377476,152.99396633852015
1478233389128,152.99396633852015
1478233390633,152.99396633852015
1478233390682,152.99396633852015
1478233391575,152.99396633852015
1478233392592,152.99396633852015
1478233394638,152.99396633852015
1478233395717,152.99396633852015
1478233396798,152.99396633852015
1478233397699,152.99396633852015
1478233402731,152.99396633852015
1478233404717,152.99396633852015
1478233408740,152.99396633852015
1478233409758,152.99396633852015
1478233410776,152.99396633852015
1478233411801,152.99396633852015
1478233412812,152.99396633852015
1478233414292,152.99396633852015
1478233414858,152.99396633852015
1478233415815,152.99396633852015
1478233416836,152.99396633852015
1478233417864,152.99396633852015
1478233419003,152.99396633852015
1478233419838,152.99396633852015
1478233421230,152.99396633852015
1478233421877,152.99396633852015
1478233422892,152.99396633852015
1478233424371,152.99396633852015
1478233427944,152.99396633852015
1478233428957,152.99396633852015
1478233429915,152.99396633852015
1478233430936,152.99396633852015
1478233431963,152.99396633852015
1478233432972,152.99396633852015
1478233434454,152.99396633852015
1478233435977,152.99396633852015
1478233437001,152.99396633852015
1478233445101,152.99396633852015
1478233448604,152.99396633852015
1478233448645,152.99396633852015
1478233449132,152.99396633852015
1478233450243,152.99396633852015
1478233451200,152.99396633852015
1478233452225,152.99396633852015
1478233453252,152.99396633852015
1478233454152,152.99396633852015
1478233455276,152.99396633852015
1478233477475,152.99396633852015
1478233494038,152.99396633852015
1478233529519,152.99396633852015
1478233530961,152.99396633852015
1478233530998,152.99396633852015
1478233531028,152.99396633852015
1478233531045,152.99396633852015
1478233531066,152.99396633852015
1478233531090,152.99396633852015
1478233531121,152.99396633852015
1478233543339,152.99396633852015
1478233896521,145
1478233902293,142
1478233902328,138
1478233902356,141
1478233902383,141.5
1478233902413,141.5
1478233904092,141.5
1478233906583,140.91666666666666
1478233917491,152.99396633852015
1478234236859,78
1478234243426,78
1478234243492,78
1478234243517,78
1478234243547,78
1478234244934,78
1478234246202,78
1478234246829,78
1478234248058,78
1478234278719,152.99396633852015
1478238928846,152.99396633852015
1478238947025,152.99396633852015
1478238951105,152.99396633852015
1478238952126,152.99396633852015
1478238953084,152.99396633852015
1478238954106,152.99396633852015
1478238955121,152.99396633852015
1478238956154,152.99396633852015
1478238957166,152.99396633852015
1478238958692,152.99396633852015
1478238959138,152.99396633852015
1478238960165,152.99396633852015
1478238961797,152.99396633852015
1478238962206,152.99396633852015
1478238963285,152.99396633852015
1478238964254,152.99396633852015
1478238965321,152.99396633852015
1478238966225,152.99396633852015
1478238967247,152.99396633852015
1478238968723,152.99396633852015
1478238969289,152.99396633852015
1478238973305,152.99396633852015
1478238974385,152.99396633852015
1478238975341,152.99396633852015
1478238976365,152.99396633852015
1478238977385,152.99396633852015
1478238978896,152.99396633852015
1478238979426,152.99396633852015
1478238981406,152.99396633852015
1478238982431,152.99396633852015
1478238996587,152.99396633852015
1478238998094,152.99396633852015
1478238998624,152.99396633852015
1478238999645,152.99396633852015
1478239000667,152.99396633852015
1478239001625,152.99396633852015
1478239002652,152.99396633852015
1478239003666,152.99396633852015
1478239004750,152.99396633852015
1478239005700,152.99396633852015
1478239006727,152.99396633852015
1478239008224,152.99396633852015
1478239008764,152.99396633852015
1478239009725,152.99396633852015
1478239010749,152.99396633852015
1478239011772,152.99396633852015
1478239012739,152.99396633852015
1478239014826,152.99396633852015
1478239015838,152.99396633852015
1478239016805,152.99396633852015
1478239018306,152.99396633852015
1478239018846,152.99396633852015
1478239019865,152.99396633852015
1478239020887,152.99396633852015
1478239021906,152.99396633852015
1478239022928,152.99396633852015
1478239023949,152.99396633852015
1478239024905,152.99396633852015
1478239026953,152.99396633852015
1478239030002,152.99396633852015
1478239031027,152.99396633852015
1478239031986,152.99396633852015
1478239033005,152.99396633852015
1478239034026,152.99396633852015
1478239047164,152.99396633852015
1478239051245,152.99396633852015
1478239052265,152.99396633852015
1478239053286,152.99396633852015
1478239054243,152.99396633852015
1478239057307,152.99396633852015
1478239058812,152.99396633852015
1478239059288,152.99396633852015
1478239060618,152.99396633852015
1478239061326,152.99396633852015
1478239062347,152.99396633852015
1478239063365,152.99396633852015
1478239064387,152.99396633852015
1478239065412,152.99396633852015
1478239066360,152.99396633852015
1478239067389,152.99396633852015
1478239068866,152.99396633852015
1478239069425,152.99396633852015
1478239073446,152.99396633852015
1478239074465,152.99396633852015
1478239075482,152.99396633852015
1478239076500,152.99396633852015
1478239077538,152.99396633852015
1478239079025,152.99396633852015
1478239079566,152.99396633852015
1478239080525,152.99396633852015
1478239081542,152.99396633852015
1478239082565,152.99396633852015
1478239083585,152.99396633852015
1478239087667,152.99396633852015
1478239092706,152.99396633852015
1478239096720,152.99396633852015
1478239097749,152.99396633852015
1478239099237,152.99396633852015
1478239099786,152.99396633852015
1478239100807,152.99396633852015
1478239101825,152.99396633852015
1478239102787,152.99396633852015
1478239103805,152.99396633852015
1478239104824,152.99396633852015
1478239116947,152.99396633852015
1478239118441,152.99396633852015
1478239118985,152.99396633852015
1478239120067,152.99396633852015
1478239121028,152.99396633852015
1478239122041,152.99396633852015
1478239125100,152.99396633852015
1478239126056,152.99396633852015
1478239127081,152.99396633852015
1478239131358,152.99396633852015
1478239133249,152.99396633852015
1478239134275,152.99396633852015
1478239135307,152.99396633852015
1478239136364,152.99396633852015
1478239137225,152.99396633852015
1478239141349,152.99396633852015
1478239141393,152.99396633852015
1478239141437,152.99396633852015
1478239142493,152.99396633852015
1478239143467,152.99396633852015
1478239144423,152.99396633852015
1478239145432,162
1478239146405,161
1478239147428,160
1478239192336,162
1478239223741,152.99396633852015
1478239231340,152.99396633852015
1478239231844,152.99396633852015
1478239231890,152.99396633852015
1478239231939,152.99396633852015
1478239232855,152.99396633852015
1478239232908,152.99396633852015
1478239232968,152.99396633852015
1478239233894,152.99396633852015
1478239242015,152.99396633852015
1478239242229,152.99396633852015
1478239242278,152.99396633852015
1478239254750,152.99396633852015
1478239257815,152.99396633852015
1478239258781,152.99396633852015
1478239259793,152.99396633852015
1478239260818,152.99396633852015
1478239261828,152.99396633852015
1478239262741,152.99396633852015
1478239264904,152.99396633852015
1478239271700,152.99396633852015
1478239271741,152.99396633852015
1478239271773,152.99396633852015
1478239271805,152.99396633852015
1478239271840,152.99396633852015
1478239272821,152.99396633852015
1478239279243,152.99396633852015
1478239283461,152.99396633852015
1478239283528,152.99396633852015
1478239284298,152.99396633852015
1478239284346,152.99396633852015
1478239285305,152.99396633852015
1478239286322,152.99396633852015
1478239288412,152.99396633852015
1478239289387,152.99396633852015
1478239312185,152.99396633852015
1478239404768,152.99396633852015
1478239407824,152.99396633852015
1478239408783,152.99396633852015
1478239408843,152.99396633852015
1478239409745,152.99396633852015
1478239410692,152.99396633852015
1478239411541,152.99396633852015
1478239412623,152.99396633852015
1478239414584,152.99396633852015
1478239415559,152.99396633852015
1478239465075,152.99396633852015
1478239466542,152.99396633852015
1478239466586,152.99396633852015
1478239541623,152.99396633852015
1478239543651,152.99396633852015
1478239544614,152.99396633852015
1478239546653,152.99396633852015
1478239547603,144
1478239548694,147
1478239549728,148
1478239550682,150
1478239553737,148
1478239558713,147
1478239558753,150
1478239558784,152
1478239558817,153
1478239558873,154
1478239559688,155
1478239560822,156
1478239594423,152.99396633852015
1478239600217,152.99396633852015
1478239600258,152.99396633852015
1478239600301,152.99396633852015
1478239600338,152.99396633852015
1478239600384,152.99396633852015
1478239600440,152.99396633852015
1478239601387,152.99396633852015
1478239602407,152.99396633852015
1478239603543,152.99396633852015
1478239604571,152.99396633852015
1478239607921,152.99396633852012
1478239607951,152.99396633852015
1478239607972,152.99396633852015
1478239609612,152.99396633852015
1478239610651,152.99396633852015
1478239611641,152.99396633852015
1478239640201,152.99396633852015
1478239643603,152.99396633852015
1478239643665,152.99396633852015
1478239644112,152.99396633852015
1478239647281,152.99396633852015
1478239649308,152.99396633852015
1478239650332,152.99396633852015
1478239672041,152.99396633852015
1478239682136,152.99396633852015
1478239683591,152.99396633852015
1478239683622,152.99396633852015
1478239683656,152.99396633852015
1478239687966,152.99396633852015
1478239689774,152.99396633852015
1478239690735,152.99396633852015
1478239691745,152.99396633852015
1478239692701,152.99396633852015
1478239699482,152.99396633852015
1478239702425,152.99396633852015
1478239703457,152.99396633852015
1478239704950,152.99396633852015
1478239705315,152.99396633852015
1478239706263,152.99396633852015
1478239707288,152.99396633852015
1478239708247,152.99396633852015
1478239709209,152.99396633852015
1478239710168,152.99396633852015
1478239711128,152.99396633852015
1478239712079,152.99396633852015
1478239713103,152.99396633852015
1478239714066,152.99396633852015
1478239715532,152.99396633852015
1478239715984,152.99396633852015
1478239716942,152.99396633852015
1478239721799,152.99396633852015
1478239722823,152.99396633852015
1478239723789,152.99396633852015
1478239725709,152.99396633852015
1478239727629,152.99396633852015
1478239728590,152.99396633852015
1478239729614,152.99396633852015
1478239730567,152.99396633852015
1478239731521,152.99396633852015
1478239732524,152.99396633852015
1478239733563,152.99396633852015
1478239735428,152.99396633852015
1478239736506,152.99396633852015
1478239742459,152.99396633852015
1478239742638,152.99396633852015
1478239742692,152.99396633852015
1478239742752,152.99396633852015
1478239743008,152.99396633852015
1478239743063,152.99396633852015
1478239743270,152.99396633852015
1478239744130,152.99396633852015
1478239745089,152.99396633852015
1478239746107,152.99396633852015
1478239747067,152.99396633852015
1478239799561,152.99396633852015
1478239802629,152.99396633852015
1478239803649,152.99396633852015
1478239804718,152.99396633852015
1478239805741,152.99396633852015
1478239806760,152.99396633852015
1478239807785,152.99396633852015
1478239809715,152.99396633852015
1478239812795,152.99396633852015
1478239812834,152.99396633852015
1478239812864,152.99396633852015
1478239813733,152.99396633852015
1478239814855,152.99396633852015
1478239815881,152.99396633852015
1478239816902,152.99396633852015
1478239817860,152.99396633852015
1478239818874,152.99396633852015
1478239819891,152.99396633852015
1478239827734,152.99396633852015
1478239829026,152.99396633852015
1478239830154,152.99396633852015
1478239836275,152.99396633852015
1478239836317,152.99396633852015
1478239836362,152.99396633852015
1478239836406,152.99396633852015
1478239836446,152.99396633852015
1478239836472,152.99396633852015
1478239837253,152.99396633852015
1478239838198,152.99396633852015
1478239839208,152.99396633852015
1478239840241,152.99396633852015
1478239873585,152.99396633852015
1478239875029,152.99396633852015
1478239878410,152.99396633852015
1478239879540,152.99396633852015
1478239880556,152.99396633852015
1478239881575,152.99396633852015
1478239882597,152.99396633852015
1478239883444,152.99396633852015
1478239884461,152.99396633852015
1478239895077,152.99396633852015
1478239901492,152.99396633852015
1478239901524,152.99396633852015
1478239901542,152.99396633852015
1478239901563,152.99396633852015
1478239901582,152.99396633852015
1478239901616,152.99396633852015
1478239921351,152.99396633852015
1478239927850,152.99396633852015
1478239927899,152.99396633852015
1478239927932,152.99396633852015
1478239929445,152.99396633852015
1478239929508,152.99396633852015
1478239929567,152.99396633852015
1478239930482,152.99396633852015
1478239933464,152.99396633852015
1478239948722,152.99396633852015
1478239956821,152.99396633852015
1478239956884,152.99396633852015
1478239956921,152.99396633852015
1478239956942,156
1478239956973,152.99396633852015
1478239957011,152.99396633852015
1478239957056,152.99396633852015
1478239957183,152.99396633852015
1478239959337,153.36972054620512
1478239961822,152.99396633852015
1478239962232,152.99396633852015
1478239963363,152.99396633852015
1478239964386,152.99396633852015
1478239965404,152.99396633852015
1478239966361,152.99396633852015
1478239967374,152.99396633852015
1478239979556,152.99396633852015
1478239985777,152.99396633852015
1478239985821,152.99396633852015
1478239985860,152.99396633852015
1478239985901,152.99396633852015
1478239985944,152.99396633852015
1478239986602,152.99396633852015
1478239987656,152.99396633852015
1478239989593,152.99396633852015
1478240003744,152.99396633852015
1478240094760,152.99396633852015
1478240096203,148
1478240116970,152.99396633852015
1478240121659,152.99396633852015
1478240121705,152.99396633852015
1478240121740,152.99396633852015
1478240123029,152.99396633852015
1478240124155,152.99396633852015
1478240125185,152.99396633852015
1478240126205,152.99396633852015
1478240127152,152.99396633852015
1478240134650,152.99396633852015
1478240134686,152.99396633852015
1478240134713,152.99396633852015
1478240134746,152.99396633852015
1478240134785,152.99396633852015
1478240134830,152.99396633852015
1478240161795,152.99396633852015
1478240171375,152.99396633852015
1478240172053,152.99396633852015
1478240177231,152.99396633852015
1478240177274,152.99396633852015
1478240177308,152.99396633852015
1478240177337,152.99396633852015
1478240177356,152.99396633852015
1478240177388,152.99396633852015
1478240177440,152.99396633852015
1478240177499,152.99396633852015
1478240177559,152.99396633852015
1478240177612,152.99396633852015
1478240177680,152.99396633852015
1478240203127,152.99396633852015
1478240212252,152.99396633852015
1478240212316,152.99396633852015
1478240212364,152.99396633852015
1478240213287,152.99396633852015
1478240217415,152.99396633852015
1478240217451,152.99396633852015
1478240217475,152.99396633852015
1478240217511,152.99396633852015
1478240217536,152.99396633852015
1478240242250,152.99396633852015
1478240245130,152.99396633852015
1478240245186,152.99396633852015
1478240245305,152.99396633852015
1478240246435,152.99396633852015
1478240247392,152.99396633852015
1478240248427,152.99396633852015
1478240249451,152.99396633852015
1478240250461,152.99396633852015
1478240251482,152.99396633852015
1478240252497,152.99396633852015
1478240300117,152.99396633852015
1478240305284,152.99396633852015
1478240305314,152.99396633852015
1478240433094,152.99396633852015
1478240439787,152.99396633852015
1478240439819,152.99396633852015
1478240440238,152.99396633852015
1478240440279,152.99396633852015
1478240440315,152.99396633852015
1478240441192,152.99396633852015
1478240441246,152.99396633852015
1478240442227,152.99396633852015
1478240446052,152.99396633852015
1478240511981,152.99396633852015
1478240534211,152.99396633852015
1478240535936,152.99396633852015
1478240536243,152.99396633852015
1478240537344,152.99396633852015
1478240538404,152.99396633852015
1478240539355,152.99396633852015
1478240540376,152.99396633852015
1478240541284,152.99396633852015
1478240542311,152.99396633852015
1478240543329,152.99396633852015
1478240544343,152.99396633852015
1478240547348,152.99396633852015
1478240548368,152.99396633852015
1478240549389,152.99396633852015
1478240550408,152.99396633852015
1478240551488,152.99396633852015
1478240552498,152.99396633852015
1478240556575,152.99396633852015
1478240564207,152.99396633852015
1478240565142,152.99396633852015
1478240568682,152.99396633852015
1478240576143,152.99396633852015
1478240576172,152.99396633852015
1478240582508,152.99396633852015
1478240594699,152.99396633852015
1478240730424,152.99396633852015
1478240744283,152.99396633852015
1478240745728,152.99396633852015
1478240745774,152.99396633852015
1478240745805,152.99396633852015
1478240745836,152.99396633852015
1478240745872,152.99396633852015
1478240745915,152.99396633852015
1478240758208,152.99396633852015
1478240766005,152.99396633852015
1478240766066,152.99396633852015
1478240766288,152.99396633852015
1478240766338,152.99396633852015
1478240766378,152.99396633852015
1478240766575,152.99396633852015
1478240767547,152.99396633852015
1478240768233,152.99396633852015
1478240780277,152.99396633852015
1478240781736,152.99396633852015
1478240781786,152.99396633852015
1478240781813,152.99396633852015
1478240816707,152.99396633852015
1478240824400,152.99396633852015
1478240824435,152.99396633852015
1478240824613,152.99396633852015
1478240824656,152.99396633852015
1478240824693,152.99396633852015
1478240824735,152.99396633852015
1478240826725,152.99396633852015
1478240872076,152.99396633852015
1478240936868,152.99396633852015
1478240945002,152.99396633852015
1478240946822,152.99396633852015
1478240946887,152.99396633852015
1478241024955,152.99396633852015
1478241029699,152.99396633852015
1478241029728,157
1478241029747,151
1478241030046,144
1478241031116,145
1478241032091,143
1478241034072,152.99396633852015
1478241179522,81
1478241181395,81
1478241182016,81
1478241183376,81
1478241184614,81
1478241185124,81
1478241186371,81
1478241188358,81
1478241190102,81
1478241195886,81
1478241195916,81
1478241196089,81
1478241196138,81
1478241196188,81
1478241197077,81
1478241212628,78
1478241223921,152.99396633852015
1478241242107,152.99396633852015
1478241243572,152.99396633852015
1478241243608,152.99396633852015
1478241243636,152.99396633852015
1478241243665,152.99396633852015
1478241243696,152.99396633852015
1478241243727,152.99396633852015
1478241243784,152.99396633852015
1478241327797,152.99396633852015
1478241332741,152.99396633852015
1478241332778,152.99396633852015
1478241333288,152.99396633852015
1478241334639,152.99396633852015
1478241335271,152.99396633852015
1478241336511,152.99396633852015
1478241337012,152.99396633852015
1478241338399,152.99396633852015
1478241442447,152.99396633852015
1478241448204,152.99396633852015
1478241448445,152.99396633852015
1478241448497,152.99396633852015
1478241448534,152.99396633852015
1478241448740,152.99396633852015
1478241449562,152.99396633852015
1478241450591,152.99396633852015
1478241454672,152.99396633852015
1478241507765,152.99396633852015
1478241592523,152.99396633852015
1478241593969,152.99396633852015
1478241593993,152.99396633852015
1478241596724,152.99396633852015
1478241597963,152.99396633852015
1478241598575,152.99396633852015
1478241599829,152.99396633852015
1478241600449,152.99396633852015
1478241601696,152.99396633852015
1478241602949,152.99396633852015
1478241611780,152.99396633852015
1478241611844,152.99396633852015
1478241611879,152.99396633852015
1478241612905,152.99396633852015
1478241612960,158
1478241653801,160
1478241655298,152.99396633852015
1478241655351,152.99396633852015
1478241685723,152.99396633852015
1478241689094,152.99396633852015
1478241689145,152.99396633852015
1478241689354,152.99396633852015
1478241695066,152.99396633852015
1478241697559,152.99396633852015
1478241712152,152.99396633852015
1478241713626,152.99396633852015
1478241891768,78
1478241899312,78
1478241899357,78
1478241899867,78
1478241899907,78
1478241899955,78
1478241901104,78
1478241901149,78
1478241901190,78
1478241903610,78
1478241925298,152.99396633852015
1478241926779,152.99396633852015
1478242021878,152.99396633852015
1478242028984,152.99396633852015
1478242029021,152.99396633852015
1478242029068,152.99396633852015
1478242031209,152.99396633852015
1478242031281,152.99396633852015
1478242033704,152.99396633852015
1478242049326,152.99396633852015
1478242050789,152.99396633852015
1478242050819,152.99396633852015
1478242056630,143
1478242057255,152.99396633852015
1478242058499,152.99396633852015
1478242059134,152.99396633852015
1478242060375,151.32830528210013
1478242075449,152.99396633852015
1478242081656,152.99396633852015
1478242081704,152.99396633852015
1478242081731,152.99396633852015
1478242121088,152.99396633852015
1478242124281,152.99396633852015
1478242124629,148
1478242126616,149
1478242128771,150.7469831692601
1478242132849,150.18523737694505
1478242137635,152.99396633852015
1478242137687,152.99396633852015
1478242137793,151.73003830581138
1478242137830,151.73003830581138
1478242148924,152.99396633852015
1478242152079,152.99396633852015
1478242152123,152.99396633852015
1478242152714,152.99396633852015
1478242153782,152.99396633852015
1478242154743,152.99396633852015
1478242155706,152.99396633852015
1478242156705,152.99396633852015
1478242157684,152.99396633852015
1478242159593,152.99396633852015
1478242166232,147
1478242166273,148
1478242166308,149
1478242166336,151
1478242166521,150.56884271650864
1478242166561,150.56884271650864
1478242193035,152.99396633852015
1478242201732,152.99396633852015
1478242201760,152.99396633852015
1478242201953,152.99396633852015
1478242201993,152.99396633852015
1478242202032,152.99396633852015
1478242202219,152.99396633852015
1478242202277,152.99396633852015
1478242202319,152.99396633852015
1478242202345,152.99396633852015
1478242205260,152.99396633852015
1478242350097,152.99396633852015
1478242406195,152.99396633852015
1478242407686,152.99396633852015
1478242407727,152.99396633852015
1478242409077,152.99396633852015
1478242409710,152.99396633852015
1478242410940,152.99396633852015
1478242412806,152.99396633852015
1478242414583,152.99396633852015
1478242415922,152.99396633852015
1478242416432,152.99396633852015
1478242420910,152.99396633852015
1478242421533,152.99396633852015
1478242424013,152.99396633852015
1478242425256,152.99396633852015
1478242572911,108
1478242677348,152.99396633852015
1478242678815,152.99396633852015
1478242678863,152.99396633852015
1478242678898,159
1478242678942,156
1478242679004,160
1478242679057,156
1478242679116,153
1478242679160,152
1478242679200,154.99798877950673
1478242916413,81
1478242919596,81
1478242919620,81
1478242920040,81
1478242928873,81
1478242939789,152.99396633852015
1478243157269,152.99396633852015
1478243241156,152.99396633852015
1478243250503,152.99396633852015
1478243251351,152.99396633852015
1478243810756,78
1478243814616,78
1478243814678,78
1478243815140,78
1478243816203,78
1478243817112,78
1478243820291,78
1478243821202,78
1478243825362,78
1478243825425,78
1478243830426,78
1478243830473,78
1478243845664,81
1478243849934,81
1478243849981,88
1478243850005,83.33333333333333
1478243862168,152.99396633852015
1478243883063,152.99396633852015
1478243894146,152.99396633852015
1478243903505,152.99396633852015
1478243903537,152.99396633852015
1478243903561,152.99396633852015
1478243903588,152.99396633852015
1478243903617,152.99396633852015
1478243903648,152.99396633852015
1478243903685,152.99396633852015
1478243903744,152.99396633852015
1478243906324,152.99396633852015
1478243908198,152.99396633852015
1478243910240,152.99396633852015
1478243912385,152.99396633852015
1478243945279,152.99396633852015
1478243948165,152.99396633852015
1478243948336,152.99396633852015
1478243950317,152.99396633852015
1478243951442,152.99396633852015
1478243952470,152.99396633852015
1478243953485,152.99396633852015
1478243954394,152.99396633852015
1478243955418,152.99396633852015
1478243957461,152.99396633852015
1478243959553,152.99396633852015
1478243960458,152.99396633852015
1478243971729,152.99396633852015
1478243974409,152.99396633852015
1478243974801,152.99396633852015
1478243975921,152.99396633852015
1478243976833,152.99396633852015
1478243977797,152.99396633852015
1478243981988,152.99396633852015
1478244000904,152.99396633852015
1478244002365,152.99396633852015
1478244002406,152.99396633852015
1478244002428,152.99396633852015
1478244002454,152.99396633852015
1478244013308,152.99396633852015
1478244020849,152.99396633852015
1478244020890,152.99396633852015
1478244020924,152.99396633852015
1478244020958,152.99396633852015
1478244020974,152.99396633852015
1478244020995,152.99396633852015
1478244021015,152.99396633852015
1478244024941,152.99396633852015
1478244027324,152.99396633852015
1478244030822,152.99396633852015
1478244121429,152.99396633852015
1478244130480,152.99396633852015
1478244130519,152.99396633852015
1478244130548,152.99396633852015
1478244130579,152.99396633852015
1478244130604,152.99396633852015
1478244130631,152.99396633852015
1478244130648,152.99396633852015
1478244130685,152.99396633852015
1478244131275,146
1478244132239,152.99396633852015
1478244138844,152.99396633852015
1478244138874,152.99396633852015
1478244138897,152.41113581031013
1478244168116,152.99396633852015
1478244174038,152.99396633852015
1478244174080,152.99396633852015
1478244174115,152.99396633852015
1478244174154,152.99396633852015
1478244174201,152.99396633852015
1478244174778,152.99396633852015
1478244175853,152.99396633852015
1478244176827,152.99396633852015
1478244177830,152.99396633852015
1478244178798,152.99396633852015
1478244181933,152.99396633852012
1478244181966,152.99396633852012
1478244182587,152.99396633852015
1478244185566,152.99396633852015
1478244186414,152.99396633852012
1478244191393,152.99396633852015
1478244199182,152.99396633852015
1478244199231,152.99396633852015
1478244200102,152.99396633852015
1478244200151,152.99396633852015
1478244200202,152.99396633852015
1478244200382,152.99396633852015
1478244200440,152.99396633852015
1478244201108,152.99396633852015
1478244202073,152.99396633852015
1478244247664,152.99396633852015
1478244269156,152.99396633852015
1478244277053,152.99396633852015
1478244277239,152.99396633852015
1478244277298,152.99396633852015
1478244277513,152.99396633852015
1478244277578,162
1478244277649,154.4949719487668
1478244277842,154.4949719487668
1478244277886,154.4949719487668
1478244278695,154.4949719487668
1478244279691,154.6617503499053
1478244282231,154.6617503499053
1478244282275,154.6617503499053
1478244282543,154.6617503499053
1478244283666,154.6617503499053
1478244284523,152.99396633852015
1478244291779,154.32819354762827
1478244301760,154.32819354762827
1478244301798,154.32819354762827
1478244307306,154.32819354762827
1478244307341,154.32819354762827
1478244307367,154.32819354762827
1478244307396,154.32819354762827
1478244307430,154.32819354762827
1478244307466,154.32819354762827
1478244307509,154.32819354762827
1478244307560,152.99396633852015
1478244307610,152.99396633852015
1478244308160,152.99396633852015
1478244309121,152.99396633852015
1478244353700,152.99396633852015
1478244357875,152.99396633852015
1478244358089,152.99396633852015
1478244358847,152.99396633852015
1478244360892,152.99396633852015
1478244361913,152.99396633852015
1478244362935,152.99396633852015
1478244363959,152.99396633852015
1478244438920,152.99396633852015
1478244449088,152.99396633852015
1478244460974,152.99396633852015
1478244464339,152.99396633852015
1478244466379,152.99396633852015
1478244467506,152.99396633852015
1478244468537,152.99396633852015
1478244469560,152.99396633852015
1478244470514,152.99396633852015
1478244471415,152.99396633852015
1478244473926,152.99396633852015
1478244473960,152.99396633852015
1478244474584,152.99396633852015
1478244489735,152.99396633852015
1478244491874,152.99396633852015
1478244493908,152.99396633852015
1478244494865,152.99396633852015
1478244495845,152.99396633852015
1478244497803,152.99396633852015
1478244498762,152.99396633852015
1478244499697,152.99396633852015
1478244500687,152.99396633852015
1478244509440,152.99396633852015
1478244552074,152.99396633852015
1478244555986,152.99396633852015
1478244556034,152.99396633852015
1478244556086,152.99396633852015
1478244556801,152.99396633852015
1478244557760,152.99396633852015
1478244558720,152.99396633852015
1478244561658,152.99396633852015
1478244562614,152.99396633852015
1478244585118,152.99396633852015
1478244588937,152.99396633852015
1478244588980,152.99396633852015
1478244589019,152.99396633852015
1478244596841,152.99396633852015
1478244600742,152.99396633852015
1478244600795,152.99396633852015
1478244600842,152.99396633852015
1478244601674,161
1478244604673,162
1478244605681,152.99396633852015
1478244606644,152.99396633852015
1478244608562,155.42426167037155
1478244621421,152.99396633852015
1478244623007,152.99396633852015
1478244623878,152.99396633852015
1478244624897,152.99396633852015
1478244625862,152.99396633852015
1478244628916,152.99396633852015
1478244631066,152.99396633852015
1478244633001,152.99396633852015
1478244636107,152.99396633852015
1478244638149,152.99396633852015
1478244640200,152.99396633852015
1478244685338,152.99396633852015
1478244690133,152.99396633852015
1478244690167,152.99396633852015
1478244690199,152.99396633852015
1478244690246,152.99396633852015
1478244691022,152.99396633852015
1478244691979,152.99396633852015
1478244694064,152.99396633852015
1478244694992,152.99396633852015
1478244695989,152.99396633852015
1478244698436,152.99396633852015
1478244698486,152.99396633852012
1478244700853,152.99396633852015
1478244702715,152.99396633852015
1478244729173,152.99396633852015
1478244736006,152.99396633852015
1478244736055,161
1478244736093,160
1478244736130,159
1478244736161,152.99396633852015
1478244737163,152.99396633852015
1478244738278,152.99396633852015
1478244739200,152.99396633852015
1478244745025,152.99396633852015
1478244745072,155.32931089234677
1478244745106,155.32931089234677
1478244745259,155.32931089234674
1478244746274,153.99482829016011
1478244848039,152.99396633852015
1478244854204,152.99396633852015
1478244854490,152.99396633852015
1478244854521,152.99396633852015
1478244854554,152.99396633852015
1478244854922,152.99396633852015
1478244855892,145
1478244856795,146
1478244858832,152.99396633852015
1478244893692,152.99396633852015
1478244922786,152.99396633852015
1478244930670,152.99396633852015
1478244930706,152.99396633852015
1478244930727,152.99396633852015
1478244930759,152.99396633852015
1478244930805,152.99396633852015
1478244930986,152.99396633852015
1478244931027,152.99396633852015
1478244931916,152.99396633852015
1478244932939,152.99396633852015
1478244938480,152.99396633852015
1478244938520,152.99396633852015
1478244938550,152.99396633852015
1478244938882,152.99396633852015
1478244980820,152.99396633852015
1478244995227,152.99396633852015
1478244998137,152.99396633852015
1478244998183,152.99396633852015
1478244998218,152.99396633852015
1478244998269,152.99396633852015
1478244998312,152.99396633852015
1478244998354,152.99396633852015
1478245049697,152.99396633852015
1478245051219,152.99396633852015
1478245053299,152.99396633852015
1478245054196,152.99396633852015
1478245057299,152.99396633852015
1478245059357,152.99396633852015
1478245062343,152.99396633852015
1478245110797,152.99396633852015
1478245114346,152.99396633852015
1478245126142,152.99396633852015
1478245129884,152.99396633852015
1478245130041,152.99396633852015
1478245131003,152.99396633852015
1478245132072,152.99396633852015
1478245133988,152.99396633852015
1478245137843,152.99396633852015
1478245151147,152.99396633852015
1478245218730,123
1478245220248,124
1478245220298,123
1478245220336,123.33333333333333
1478245222302,123.33333333333333
1478245223282,123.33333333333333
1478245224287,123.33333333333333
1478245226198,123.33333333333334
1478245228132,123.33333333333334
1478245232037,123.33333333333334
1478245259813,152.99396633852015
1478245332101,152.99396633852015
1478245333560,152.99396633852015
1478245333601,152.99396633852015
1478245336256,152.99396633852015
1478245338182,152.99396633852015
1478245339141,152.99396633852015
1478245340145,152.99396633852015
1478245341120,152.99396633852015
1478245343028,152.99396633852015
1478245346200,152.99396633852015
1478245346239,152.99396633852015
1478245346269,152.99396633852015
1478245346824,152.99396633852015
1478245347891,152.99396633852015
1478245348909,152.99396633852015
1478245349881,152.99396633852015
1478245351787,152.99396633852015
1478245352761,152.99396633852015
1478245472653,152.99396633852015
1478245481710,152.99396633852015
1478245482304,152.99396633852015
1478245482361,152.99396633852015
1478245482410,152.99396633852015
1478245482626,152.99396633852015
1478245482693,152.99396633852015
1478245484835,152.99396633852015
1478245484880,152.99396633852015
1478245486227,152.99396633852015
1478245488097,152.99396633852015
1478245527409,152.99396633852015
1478245534965,152.99396633852015
1478245536114,152.99396633852015
1478245536151,152.99396633852015
1478245536187,152.99396633852015
1478245536238,152.99396633852015
1478245536310,152.99396633852015
1478245536350,152.99396633852015
1478245539257,152.99396633852015
1478245544677,152.99396633852015
1478245544729,152.99396633852015
1478245544884,152.99396633852015
1478245544916,152.99396633852015
1478245556674,152.99396633852015
1478245572271,152.99396633852015
1478245597186,152.99396633852015
1478245602844,152.99396633852015
1478245602894,152.99396633852015
1478245602926,152.99396633852015
1478245602955,160
1478245602979,162
1478245603238,155.6626442256801
1478245604204,155.6626442256801
1478245605326,152.99396633852015
1478245606288,152.99396633852015
1478245607317,152.99396633852015
1478245609668,155.12890864824809
1478245609723,152.99396633852015
1478245610083,152.99396633852015
1478245612117,154.800455985213
1478245614100,153.82023006896773
1478245615060,153.5899282993787
1478245664264,152.99396633852015
1478245674024,152.99396633852015
1478245674090,152.99396633852015
1478245674145,152.99396633852015
1478245674187,152.99396633852015
1478245674247,152.99396633852015
1478245674307,152.99396633852015
1478245681023,152.99396633852015
1478245681074,152.99396633852015
1478245681132,152.99396633852015
1478245681300,152.99396633852015
1478245681344,152.99396633852012
1478245681389,152.99396633852012
1478245681595,152.99396633852012
1478245718680,152.99396633852015
1478245720216,152.99396633852015
1478245720796,152.99396633852015
1478245721668,152.99396633852015
1478245722680,152.99396633852015
1478245723543,152.99396633852015
1478245724503,152.99396633852015
1478245726541,152.99396633852015
1478245727448,152.99396633852015
1478245728513,152.99396633852015
1478245729482,152.99396633852015
1478245737334,152.99396633852015
1478245737372,152.99396633852015
1478245737406,152.99396633852015
1478245737442,152.99396633852015
1478245755884,152.99396633852015
1478245757595,152.99396633852015
1478245758882,152.99396633852015
1478245759901,152.99396633852015
1478245760859,152.99396633852015
1478245761699,152.99396633852015
1478245762661,152.99396633852015
1478245763725,152.99396633852015
1478245764644,152.99396633852015
1478245779042,152.99396633852015
1478245780750,152.99396633852015
1478245782284,152.99396633852015
1478245787248,152.99396633852015
1478245789062,152.99396633852015
1478245794019,152.99396633852015
1478245794053,152.99396633852015
1478245794885,152.99396633852015
1478245795957,152.99396633852015
1478245796918,152.99396633852015
1478245807490,152.99396633852015
1478245809838,152.99396633852015
1478245813658,152.99396633852015
1478245814672,152.99396633852015
1478245815607,152.99396633852015
1478245819698,152.99396633852015
1478245825755,152.99396633852015
1478245829795,152.99396633852015
1478245838638,152.99396633852015
1478245842087,152.99396633852015
1478245846100,152.99396633852015
1478245847135,152.99396633852015
1478245848049,152.99396633852015
1478245852231,152.99396633852015
1478245857427,152.99396633852015
1478245857479,152.99396633852015
1478245857521,162
1478245857887,164
1478245858181,152.99396633852015
1478245860319,152.99396633852015
1478245872883,152.99396633852015
1478245874684,152.99396633852015
1478245877735,152.99396633852015
1478245879541,152.99396633852015
1478245883551,152.99396633852015
1478245894728,152.99396633852015
1478245928673,152.99396633852015
1478245939033,152.99396633852015
1478245940726,152.99396633852015
1478245940766,152.99396633852015
1478245940805,152.99396633852015
1478245940829,152.99396633852015
1478245940863,152.99396633852015
1478245940896,152.99396633852015
1478245941073,152.99396633852015
1478245941132,152.99396633852015
1478245941873,152.99396633852015
1478245945783,152.99396633852012
1478246000684,152.99396633852015
1478246005863,152.99396633852015
1478246005910,152.99396633852015
1478246005942,152.99396633852015
1478246005999,152.99396633852015
1478246006742,152.99396633852015
1478246007860,152.99396633852015
1478246008905,152.99396633852015
1478246009798,152.99396633852015
1478246011968,152.99396633852015
1478246020994,152.99396633852015
1478246021030,152.99396633852015
1478246021054,152.99396633852015
1478246034826,152.99396633852015
1478246042893,152.99396633852015
1478246043323,152.99396633852015
1478246043382,152.99396633852015
1478246043579,152.99396633852015
1478246043619,152.99396633852015
1478246043644,152.99396633852015
1478246045542,152.99396633852015
1478246047261,152.99396633852015
1478246047421,152.99396633852015
1478246049466,152.99396633852015
1478246051612,152.99396633852012
1478246052628,152.99396633852012
1478246119115,152.99396633852015
1478246123067,152.99396633852015
1478246123104,152.99396633852015
1478246123128,152.99396633852015
1478246123805,152.99396633852015
1478246124872,152.99396633852015
1478246125835,152.99396633852015
1478246126801,152.99396633852015
1478246127819,152.99396633852015
1478246128807,162
1478246129730,161
1478246136861,159
1478246151532,156
1478246153006,155
1478246153036,153
1478246153059,151
1478246153094,152.99396633852015
1478246153136,152.99396633852015
1478246166404,152.99396633852015
1478246175974,152.99396633852015
1478246178786,152.99396633852015
1478246181874,152.99396633852015
1478246181926,152.99396633852015
1478246181958,152.99396633852015
1478246181988,152.99396633852015
1478246182022,152.99396633852015
1478246182605,152.99396633852015
1478246183729,152.99396633852015
1478246271745,152.99396633852015
1478246283383,152.99396633852015
1478246290174,152.99396633852015
1478246290342,152.99396633852015
1478246290374,152.99396633852015
1478246290405,152.99396633852015
1478246290438,152.99396633852015
1478246290598,152.99396633852015
1478246290633,152.99396633852015
1478246290676,152.99396633852015
1478246290722,152.99396633852015
1478246290973,152.99396633852015
1478246291019,152.99396633852015
1478246291071,152.99396633852015
1478246292094,152.99396633852015
1478246292155,152.99396633852015
1478246305059,152.99396633852015
1478246310628,152.99396633852015
1478246310664,152.99396633852015
1478246310700,152.99396633852015
1478246311061,152.99396633852015
1478246313141,152.99396633852015
1478246315086,152.99396633852015
1478246342706,152.99396633852015
1478246344220,152.99396633852015
1478246344256,152.99396633852015
1478246344275,152.99396633852015
1478246344303,152.99396633852015
1478246344332,152.99396633852015
1478246396609,152.99396633852015
1478246399241,152.99396633852015
1478246399284,152.99396633852015
1478246399565,152.99396633852015
1478246400585,152.99396633852015
1478246402559,152.99396633852015
1478246403723,152.99396633852015
1478246404726,152.99396633852015
1478246405732,152.99396633852015
1478246406755,152.99396633852015
1478246408391,152.99396633852015
1478246409762,152.99396633852015
1478246413837,152.99396633852015
1478246492197,152.99396633852015
1478246527640,152.99396633852015
1478246599368,152.99396633852015
1478246603356,152.99396633852015
1478246603400,152.99396633852015
1478246603806,152.99396633852015
1478246604876,152.99396633852015
1478246605892,152.99396633852015
1478246606801,152.99396633852015
1478246610996,152.99396633852015
1478246636300,152.99396633852015
1478246637780,152.99396633852015
1478246637822,152.99396633852015
1478246730621,152.99396633852015
1478246740096,152.99396633852015
1478246740155,152.99396633852015
1478246740349,152.99396633852015
1478246740393,152.99396633852015
1478246740427,152.99396633852015
1478246740467,152.99396633852015
1478246740502,152.99396633852015
1478246740533,152.99396633852015
1478246741957,152.99396633852015
1478246750403,152.99396633852015
1478246750447,152.99396633852015
1478246750484,152.99396633852015
1478246750509,152.99396633852015
1478246750526,152.99396633852015
1478246750547,152.99396633852015
1478246904908,78
1478246910082,78
1478246910117,78
1478246910147,78
1478246911135,78
1478246911862,78
1478246913091,78
1478246914361,78
1478246916853,78
1478246920323,78
1478246920351,78
1478246920369,78
1478246922333,78
1478246922391,78
1478246926688,81
1478246928556,78.5
1478246930027,78.5
1478246930423,78.8
1478246931673,78.8
1478246932308,78.8
1478246933541,79.06666666666668
1478246934169,79.06666666666668
1478246950250,78
1478246956005,78
1478246956046,78
1478246956081,78
1478246956111,78
1478246956785,78
1478246957918,78
1478246958944,78
1478246959964,88
1478246960975,87
1478246966310,82
1478246966352,84
1478246966379,82.14285714285714
1478246966415,82.14285714285714
1478246966928,82.66071428571428
1478246967949,83.24330357142856
1478246969077,83.89871651785712
1478246978028,78
1478246981291,78
1478246982236,78
1478246984191,78
1478246988162,78
1478246990205,78
1478246991271,78
1478246993319,78
1478246994333,78
1478246995351,78
1478247989059,118
